Gene_set,Term,Overlap,P-value,Adjusted P-value,Old P-value,Old Adjusted P-value,Odds Ratio,Combined Score,Genes
KEGG_2021_Human,Transcriptional misregulation in cancer,19/192,0.0002603263778067943,0.0700277956300276,0,0,2.6792055728471915,22.11302256836593,BCL11B;MAX;TFE3;DOT1L;ASPSCR1;PBX3;TMPRSS2;MLLT3;KLF3;PML;DDB2;CCNA2;RXRB;NCOR1;EWSR1;WT1;ID2;ATM;PROM1
KEGG_2021_Human,Mitophagy,8/68,0.0055773198114316,0.7501495146375569,0,0,3.226464391066161,16.742275170679,BECN1;MAPK9;CALCOCO2;TFE3;MFN1;FOXO3;TBC1D17;HIF1A
KEGG_2021_Human,Notch signaling pathway,7/59,0.0088738163069748,0.7956855288587418,0,0,3.2547348484848486,15.377484064166929,JAG2;TLE2;KAT2A;TLE1;CTBP1;HES1;DTX3
KEGG_2021_Human,Hedgehog signaling pathway,6/56,0.023776509839993,0.9999934106986268,0,0,2.898007566204288,10.835815961029244,GSK3B;GRK3;KIF3A;CSNK1A1;SMURF1;CSNK1D
KEGG_2021_Human,Non-small cell lung cancer,7/72,0.0246483100141124,0.9999934106986268,0,0,2.602020202020202,9.635402947192572,PRKCG;RXRB;STAT3;TGFA;FOXO3;STK4;DDB2
KEGG_2021_Human,Circadian rhythm,4/31,0.0337908638307761,0.9999934106986268,0,0,3.5730724435126957,12.104014487143717,PER1;CRY2;CSNK1D;NR1D1
