Gene_set,Term,Overlap,P-value,Adjusted P-value,Old P-value,Old Adjusted P-value,Odds Ratio,Combined Score,Genes
WikiPathways_2024_Mouse,mRNA Processing WP310,34/444,0.00023633299842618584,0.0295416248032732,0,0,2.0369647696476965,17.009203234762467,RNASEH2A;SFSWAP;CELF3;HNRNPR;RNPC3;CSAD;TIAL1;BCLAF1;HNRNPDL;SNRNP70;SAFB2;EIF4E;SRSF11;RBM33;RBFOX2;METTL3;CIRBP;IMP4;DICER1;MRPL23;TARBP2;SRRM1;HNRNPM;EWSR1;ESRP2;ESRP1;ACIN1;SRSF5;CLASRP;SLIRP;TARDBP;BRWD1;SRSF7;EIF4G3
WikiPathways_2024_Mouse,Mechanisms Associated With Pluripotency WP1763,22/290,0.0031513152363663,0.1969572022728999,0,0,2.0002593211548434,11.521364428961654,PRKCG;MBD3;GSK3B;TLE2;CTBP1;SMURF1;EHMT2;TFE3;STAT3;NR2F1;HIF1A;SMARCA2;PML;SOX2;NPPB;EWSR1;PIM1;PIM3;MYBL2;ERCC5;NODAL;STK40
WikiPathways_2024_Mouse,Wnt Signaling Pathway And Pluripotency WP723,10/97,0.0053671100079621,0.2236295836650908,0,0,2.7845519572279764,14.556149815347911,SOX2;PRKCG;GSK3B;MAPK9;WNT11;NFYA;CTBP1;CTNND1;PPP2R2D;NLK
WikiPathways_2024_Mouse,Exercise Induced Circadian Regulation WP544,6/49,0.0129261900884606,0.3526910780573151,0,0,3.371007947447139,14.658827339257275,PER1;CRY2;KLF9;NR1D2;NR1D1;HERPUD1
WikiPathways_2024_Mouse,ID Signaling Pathway WP512,6/50,0.0142067158176659,0.3526910780573151,0,0,3.294222171271352,14.013754470892266,CCNA2;PSMD4;ID2;TCF12;HES1;NGF
WikiPathways_2024_Mouse,Nuclear Receptors WP509,5/38,0.0169291717467511,0.3526910780573151,0,0,3.657736050683154,14.918870234322965,RXRB;NR4A2;NR1H2;NR2F1;NR1D2
WikiPathways_2024_Mouse,IL 7 Signaling Pathway WP297,5/43,0.0276126132973574,0.4930823803099538,0,0,3.1756264085907464,11.398855760366164,CCNA2;GSK3B;STAT3;CBLB;FOXO3
WikiPathways_2024_Mouse,Notch Signaling Pathway WP29,5/46,0.0356981230906956,0.5577831732921193,0,0,2.9428027277753888,9.8073525990479,JAG2;KAT2A;CTBP1;HES1;DTX3
WikiPathways_2024_Mouse,Delta Notch Signaling Pathway WP265,7/82,0.0454547411707815,0.6313158495941886,0,0,2.253905723905724,6.966908573710006,JAG2;GSK3B;TLE1;NCOR1;FHL1;STAT3;HES1
